,MSE,RMSE,Accuracy,Precision,Recall,F1,ROC-AUC
Logistic Regression,0.14565361645653616,0.38164593074803793,0.8543463835434638,0.7486033519553073,0.6249167221852099,0.6811909949164852,0.9090911632875043
KNN,0.16921035169210352,0.41135185874395114,0.8307896483078965,0.6673625608907446,0.6389073950699533,0.6528250510551395,0.8667629282414918
Random Forest,0.14731254147312542,0.38381315958826295,0.8526874585268746,0.7299324831207802,0.6482345103264491,0.6866619618913197,0.9081836613747084
XGBoost,0.12475116124751161,0.3532013041418613,0.8752488387524884,0.7937254901960784,0.6742171885409727,0.729106628242075,0.9324113060919405
SVM,0.13802256138022562,0.3715138777760874,0.8619774386197744,0.7846808510638298,0.6142571618920719,0.6890881913303438,0.9083192752582145
Tuned Random Forest,0.163735899137359,0.4046429279467998,0.836264100862641,0.6352631578947369,0.8041305796135909,0.7097912378712143,0.9199242328249763
Tuned XGBoost,0.12558062375580623,0.35437356526101976,0.8744193762441937,0.7929133858267716,0.6708860759493671,0.7268134247564056,0.9313581093938258
Weighted Voting,0.13088918380889183,0.3617861022882054,0.8691108161911082,0.770516717325228,0.6755496335776149,0.7199148029818956,0.9257527600699748
Stacking,0.12408759124087591,0.3522606864821505,0.8759124087591241,0.7871853546910755,0.6875416389073951,0.7339971550497866,0.9302404537906914
